author,count(followers)
BOEING_IS_BACK,4933
CAM_EVSSS,22
CARREDTRT,59
CTHUNO,6
DAEROKIBA,527
BONNET_MICHELE,27
CYBERKUZIA,510
BOBBYCHANDLERR,64
DAILEYJADON,3625
BOINYA_N5,13
BRENT_KENDRICK,2
BRONICKIJEWEL,80
CHARMANT_ANIS,1012
COOKIIIEEESSSS,1390
BUSHKINVLAD,29
CECILDUKES,27
CATKELLEY_,36
CAMEERICLAAR,2637
BORINETS_2001,443
COLLEEN_FRN,26
BULBULYATOR1959,52
BOTINOKTRUN,187
CAMDENCITYNEWS,500
CARMELMELLER,6
BRENTMCCLURE275,7296
BYDRBRE,2296
CASSONDRATRUDE1,25
BRITTANYLANE_1,22
CANDISMBRR,2672
CHERRYCHERYLFIN,9
BRICSOFFICIAL,355
CASSISHERE,5683
CECIIISTATS,2676
CELLESTINS,2641
CASSIEWELTCH,2249
CLAIRE_COURT_,16
CHRISTINAPOOL61,352
BORISELESEEV,1004
BORIS_KOLOV,19
COVFEFENATIONUS,23544
CALEBPAAR,3604
CHAASNTR,8347
CHARRISSTR,1109
CHAMOMILA7,980
CARIISNCISTR,2711
CELIISSGONS,1294
BONDTONYB0ND,50
CHEYENNE_ENG,37
BLMSOLDIER,5703
CHARLESJHARPER,2592
DADDILAZARUS,47
BREMENBOTE,109
CALVIN_BARN,33
BOCHARNIKOV_V,1280
BYLGANIN_MARK,27
COLINSNEVERLAND,543
BOTALOVAVAVA,444
CHARMEESTRS,2657
CECIL_HAYS,86
CADDEETRS,2583
CHIRRISMOGUI,2678
CAMERONJJJ11,83
CHAYKA_CHELSEY,7
CHARLESRESPECK,180
CH1ESTHER,49
DAILYSANDIEGO,14414
CZAR_THE_ONE,37
C__WELLS,1394
CALEBROBBNS,51
CHESPLAYSCHESS,19215
CHRIXCHASE,2802
CAR_REMS,74
CHESTERCITYNEWS,337
CHOCO_SMELLS,1180
CHRIXMORGAN,14705
CNKOP777,11
CUSMAX,34
BUHOIINSIDER,1
CASCASEYP,3407
BRIANWARNING,584
CORNELLJULIEAN2,6
CLYDEDAWS0N,1451
CLAUDIA42KERN,2692
CLAUDIXX59,2
BUBNOVATILAQUIV,256
COLDWAR20_RU,3343
CALKINDENIS,465
CIDUQUVN,8
BROSELIFOTR,2590
CHISTISSST,3
CAMILLITIXTOPS,6
CDAVISA20,3
BOOTH_PRINCE,9551
BORISBORRISS,488
CORNELLBURCHET,3945
CUNEODOLORES,31
CAADEENRRS,2125
BRATUHA_BORCUHA,1607
CHOCOMAYONNAISE,506
COMEANDGETITAAW,98
BRRISTASI,2627
CHRNIKALERONICA,1016
CUSTOMERNUMBA1,53
CHRISCHRISCHCH,39
DAILYSANFRAN,28076
CELLSSTITR,4089
BORIS_AVRAMENKO,290
CANNONSHER,13021
BROOZLEETR,6
CHANTALROBILLA,22
CONSUELABRUNAZ1,32
BURDACONSTANTIN,62
CATTSADSTR,1176
CYRUSWORLEY,70
COMRADZAMPOLIT,9596
CHHOLESSSTR,6
CRYSTAL_JOHNS0N,99
CLAARISRTR,946
CREEEPYSMOOTH,35
CARSONYEARLY,40
BYERS_WAY,7
CINDYBOBOBOB,81
CALVIN_YEK,54
CHEESE_MONAY,95
CHRISTINACRISSS,208
CHARLESDAILEY87,12
CODYRANDAL1,7
BRISSTOFLR,2676
CALIFRONIAREP,132
COLLY_MICK,90
CHANEUTRAL,122
CARRIETHORNTHON,3424
CHRISAFONASEVA,19
CUCKMAN2000,444
BOLDYREVADIANA,469
BRIGHTANDGLORY,3117
CHEELSYJOTRS,2684
BROOKEDOZZIER,54
CHIRRMORRE,2671
BORYABUCHIN,587
BRIIGEVASTR,2499
COLBYST1,257
CHILOUTANDLEAVE,13
CHERTORIZSKY,11
BRIANTHELIFTER,5917
CYNTHIAMHUNTER,3955
CHOCO_SMELL2000,1196
BOGDANKRAVCOV,1389
CAMOSASEKO,3884
CHERNENKONIKOLA,1702
CHRIS_SOLO_RIO,74
CARLLTHERITR,2615
CHICAGODAILYNEW,22236
CARLOSSAMANOS,46
CORYNAENAE,844
BRIANAREGLAND,6610
CALININV,23
CAMELIISRT,2675
CHEONGMAI,9
CORNERGLOVES,9
BRIGHTNOOM,555
BURNBARRI,550
CANDEYCHANEY,1133
CYCHEVMARK,27
CHADSLOYER,5263
CHRIS_SHARP_II,7
BRICEGELLER,1032
CATHERINECALLS,146
BRANDNEWJENNA,189
BRIYS_VALERA,173
BR_MC_NEIL,144
BOLHUK,44
CHRISHEYWAI,78
CURTISBIGMAN,5021
DAILYLOSANGELES,14156
BYDRBRE_,1440
CAEZAR_GRIN,19
COLJASON94,8
BRIISTATRRT,430
CHISTPOST,83
COOKNCOOKS,5025
CARLOS_HNES,65
CLAY_NELS,19
CLIFTONHUGHES_,1305
CHEBAMINULLAH,17
BRANDIHAGROVE,29
CAITLINMILLSYUP,69
CASSANDRDR,2667
CHRISUPORT_PORT,3368
COLDPLAYSJOHNY,46
BOGDANOVAO2,127
CRAZYCRETACEOUS,536
CIARALOVEVE,41
DAILYSANJOSE,11784
CATELINEWATKINS,1482
BRUCIEDUBLIN,2683
CAARMBUTL,2732
CRYSTAL1JOHNSON,8081
CASIE_LANG,4
BONIIISTP,8
DAILYNEWSDENVER,3201
BOBSDYER,55
BRIANNA_DENTON_,31
CAMILEISDAMNHOT,61
CHICAGOBL,387
CLAYPAIGEBOO,887
CLGHAN,508
CHELSSJOHNT,1173
CHARLENE_TIMMO,49
CHRIS_SIS_SIS,41
ALFREDBENBEN,25
AHMANSOUR91061,19
ANDREBEAULEGER,22
AKOROMYSLOVA,13
ANDREYYKONDRAT1,27
ASHLEEYWES,621
ADELISTRTT,7
BAAILST,3
AFONINMIXAIL,462
BANNOVAMARI,14
APUHNA,8
ALEXMMYER,215
ANFINRUDSADIE,26
ARNOLDPARRK,38
71BILALJAMIL1,23
ARZHANOVAAA,394
ALEXISFOXIE,78
ALFREDTHREE,224
ARTUR__2014,577
BLACK_ELEVATION,106
ADAM_MATHISSS,45
ANNABEZGUZIKOVA,6
BAMBISMUT,8
ALINAVIATKOVA,486
ANJELICAFAMOUS,543
ATULSCARPA,17
BENJIALYSSA,80
AFUCKINSIDE,46
ASWWIMMORRIS,752
BELINDA_BOURG,14
5EMEN5EMENICH,621
ALYSSABEDOLLA,345
AMELIEBALDWIN,35370
ALEXWARNINGU,92
ALIDANILOVSKAYA,2
AMIISTRS,816
AMYYSSTS,3
ANNIEPOSHES,3044
AMELINAASTR,834
BERLINBOTE,19748
ANDRREETRT,550
ADRGREERR,1897
AGAFONME,294
BERNDHOFER6001,249
ADLEESWOD,6
BALASIKAVOW,37
ANGELIKAMUSI,484
BECHTEREVMIH,458
ANGELINALADOVA,483
ANWARGAFUR,3
AN_NA__AN,13
ARSENI_ROMAN,359
ANASTASSIAZZ,791
BEREHAYYTR,480
ALEXHARRITONOV,2332
ANNETTETEAL1,3
ARKADSHIHKIN,37
AVEREGEANNA,83
BLACKEYEBLOG,1666
AYDENBOSTON,23
AMBERRPAR,1231
BENDER_MEL,77
BERNIEDDDD,26
ALINA_9_1,758
ANNAMARFINA,14
BEZUMOVALYUDA,512
BISHOLORINE,117
ANTONFROMSPB,547
ASSUNCAOWALLAS,108
ALLAHOMORE,465
AMCONVOICE,370
AMIYAHSAMUELS,181
ANAALESSIS,1411
AHMADYOUSEF23,9
AZUUMARSS,1400
AMALIA_PETTY,86
AYLEENSCLAR,486
ALFNEWDAY,2
ANTOSHAKARGIN,407
ANDYHASHTAGGER,9294
APRIILDTRUT,5
BEELLASTRTT,6
ABOUTPOLIT,72
ABRAMSREBEKAH,24
ALEXLOVESSHENNA,24
AU_NORTON,1
ACEJINEV,6260
AGATA_ALEXEEVA,570
ANDRY_VOLK,48
BARBIELEWISS,11
ACHSAHORKHAN,5
BADAEVVIKTOR,629
BARRY_MILL,12
BETTIEEVANZ,181
BLACKTOLIVE,6205
666STEVEROGERS,139
AGAINUKRFAKE,3
ANN1EMCCONNELL,125
AGNESMLTRT,3
ANGELISTRR,255
ANNA_VYSOKAYA,480
BACONTONIA,12
BALTIMORE0NLINE,10331
BEINGSWARTZ,50
ALINAANTONCHIK,14
AURRLISTR,1199
ACAB_ZONE,279
ANDREASEULITZ,205
ANWARJAMIL22,113
BEKKOSV,12
BIGBOYJASIAH,2660
BLEEPTHEPOLICE,9342
ABBASSHUKRI,1
ADELINE_GS,27
ALISA_FRATKINA,487
AMBERDAVV,7
AARONALLENALL,18
ANNAROMAN0,3227
ARTEM_POLISHHUK,47
BEGAYEVANGELINE,11
ANDSBXX30,10
ARONHOLDEN8,120
ALBERTA_HAYNESS,101
BLINOVAEXININTA,375
ALBELITATRTS,6
BENNEDICT_KL,46
ANDRISNABRT,820
ANTHONYCANLASS,26
ARTAUTUMN,40
ASHLEYSIMPSN,90
1LORENAFAVA1,3051
AMYYSLEGENTR,1219
ANNAMINGT,1146
AUSTINLOVESBEER,403
BLACKJACKWEINER,212
ABELLABAB,40
AZIIZ_HADITH,4
ALESSIAWILLSON,36
ALTMANBELINDA,139
ANBIVALENTNAYA,433
ANZGRI,1993
BABYJANNYMEOW,3267
ANDIOSMARRTRUMP,1445
BLK_VOICE,89
2NDHALFONION,3
AGITPOLK,382
BECCYWILL,132
BLADNAVALNY,3
ADAMMA_DEFOND,700
ANGEELISTR,936
ANNIJONSTR,581
ASHLEECOLLINSS,39
BLANDERSHOF,232
ALW_ILL,43
ANISILOPE,881
ARESTOVEVG,491
ARIAANST,209
4MYSQUAD,4839
ALISONDAVOL,500
BARABASHV2,595
AH_VERONIKI,1148
ARKHIPOVICHIVNA,531
BAOBAEHAM,6164
BELIKOVA_LOVE,540
BGARNER2107,4552
4EVER1937,1594
AFEELIUTR,1392
BEETTYBECKS,165
4EVER_SUSAN,63
AYANNA__0,92
ADRIANAMFTTT,99
ALTMANCOON,497
AANTIRACIST,1252
ADNNELSTR,6363
AMYYTHOSSMA,6
ARTEMSSFE,1857
AHMADHUSSEINII,187
AIDEN7757,3142
ACAPARELLA,570
ANDYDREWDANIELS,1852
ARTYRTOLSTOV,635
1ERIK_LEE,2
ABIGAILCALLME,70
ARTEMBOGACHENKO,1
ALESISTRTT,6
ALINALINKI_,531
ARIANNA_PER_RY,28
ARKHIPOVTIOVEOF,243
BIZYKOVAANITA,547
AHOGAN_AM,61
ANAAISLEC,2535
ARIELLE_BROWNIN,80
BERRNICTRR,182
ATLANTA_ONLINE,8499
ABU_UBAIDA2,1
ACTIVEMIKR,1
BECKRALFBECK265,278
ADLEESTTT,3
ALDRICH420,3495
BATONROUGEVOICE,10758
AAATEST1234,1
ARINA_RONDAL,519
BIGSEANBEAST,4584
ANATOLRMNFF,7
ANDREJFROLOV69,1
ANIIANTRS,5504
ANISSNOVOTR,158
10_GOP,372
BEEATRWL,2128
BILLMCINTOSHH,8
ANDY_PUCHINSKYI,11
ANN_HANAH,70
ANTYSHEVALIDA,515
AMALIAHULICK,5
ANDRIYCCCP,507
ANGELABACH991,240
ARONS_KWENDE,514
BARELY_KIM,33
AAAVADAKEDAVRAA,544
AMIRAFERRR,22
ANDREWHEDDD,48
ARM_2_ALAN,14721
ABIISSROSB,761
AESPARZZA,9
AGNESSTRYT,6
BELOZEROVNIKIT,140
BIZGOD,12156
BLACKTIVISTSUS,117
ADELIINESTRT,7
ANDREBAKIN,499
ALEXBORONIN,55
ANETTANOVGOROD,358
ABISADMASST,7
ARIEENSLPE,965
BLAMEYOURRSELF,14
ADKEZLATE,88
ADRI_LOW_R,53
ARMEDFREJYA,6
BLAKERIVERAI,6
BLACKGIRLS2017,7
BLACNEIGHBOR,1264
ANGELINADARCY_,490
AHMADYUSUFF03,260
ALBUQUERQUEON,2835
ALENAZELDINA,497
AMANDAVGREEN,4343
ANNIEISBEAR,190
ARABMTR,2334
ARIELSHINING,93
ARCHIEOLIVERS,2228
BAYOFTAMARA,56
BENJAMINBALLL,96
ALEXXDRTRR,3286
ANDRUNINVANYA,19
ANTHONYWOODBOY,93
BLACKNEWSOUTLET,2485
AGNESGRHM,158
AHMADRADJAB,109
ADDIE_HOL,149
ALINANOVIKOV022,508
BBHELGESON,66
ANORAVERD,536
ABBYLOPTRT,3
ABMERRLINS,531
AMBBERTHTT,152
BEKOSV,536
BEREZINLECURACE,229
ANG__BOWERS,34
BARBARAFORTRUMP,312
BARBARAMEER,45
BERKHOFF85,3068
ANISACRRUTR,578
ANGEELISHET,81
BIGBOYSNEED,1434
ARTHCLAUDIA,103
ANASTASIAR777,498
AMYMUSICLL,49
ARTKORCHUNOV,7
BERT_HENLEY,105
BERTHADAVIDSON_,23
BLACKYCLEVELAND,74
ANITABR1994,38
BABCHENKOVA_EVA,60
BATASHEVSEREGA,21
BALLLLWALT,21
AFONIA_ZHILCOV,433
ALEXSVLADIMIROV,974
ANYA_ISA1282,552
1D_NICOLE_,44
ANEELSSTRT,3
ALEMICHLESS,3
BLACKTIVISTS,984
ADALESTRTM,3
ALMOSTSAINTGIRL,93
ANTONINAPERVAY,271
AFIFYAMIRA1,82
ANNY_DUBI,536
ARTEMMPLOTNIKOV,419
AMYGRABMYESSAY,339
ANDROFAG,22
ANFISAMICKEY,455
ASYAARRIVE,973
ANCARICTRS,273
BADR_EARABI,2
ARYANNAJ0NES,8
BLACKMATTERSUS,4142
6DRUZ,832
ARISGRAYS,429
ASHLEY_KRI,47
BAMMBJOLTR,285
ALEX___ANT,66
ANN__BOGDANOVA,489
ADRIASNSS,330
AMERICANALBERT,416
BANTTANANTTA,1376
BIBAHACH,40
ANOSSOVV,682
APRRILSBRUSS,856
ASDIQARUSSIYA,18
BETTERTHANYOU_U,33
BLACKUNITYMARCH,3
AN_N_GASTON,107
BALLDOMER,18
BATMAN_BANE,274
ANASTASSITR,293
BEN_SAR_GENT,108
ANDEYNESTEROV,200
ANGELOENOUGH,33
BATAEEV,8
BARELYBARBOZA,165
459JISALGE,1
ALIZASSHIELD,80
BEAUTYUSER,550
AFRICAVSERDCE,442
ALLBERRTOSS,962
ANKIDINOVAKIRA,3
BABICHEVASONYA,532
ALEKSANISIMOF,5
ANDEERLWR,675
ANTHONYCARTR,33
BEAUTYMERCELA,228
BILAAL_RAIS,3
ALEKSEY_SOKOL_,959
ALODOY,22
AMIRAHPOPE,62
ANGTHEESTR,670
5L5_5L5,464
BAKINGBEKKER,31
ADELE_BROCK,126
ANATOLINEMCOV,628
AAASSSSSHHH,71
ANTONHAYHAY,10425
BLACKPANTHER_TX,48
ANGELITHSS,113
AVEERTEST,6
ANTIEHARMON,169
BLACKTIVISTDAVE,1
ALECMOOOOODY,8368
ABUNUWASA,175
ADAMCHAPMANJR,1499
ALBERTMORENMORE,1098
ANFRAIZER,44
AVRYLSTEWART,9
BEVERLYBALSOM,175
BABCHENKOVA,222
BEGI_BEGUNOVA,457
BLACKERTHEBERR5,104
ALLFORPETERSONS,28
ABALAKOVAYLIA,441
ALEESATRS,6
AMBERLINETR,3025
ANGELA_LATTKE,389
AAGN1AA,508
ALAXXATR,862
ANGELIKOROTKOVA,491
ARKADII_TROFIM,1484
BEEBCLAPTT,4470
AARON_M1TCHELL,4
ALANISSTRS,1104
ALAXXATRT,6
ARAGARTRR,1051
ALEXXBELYAEV,433
ALEX_DUGIN,1380
AMIRICANWILL,40
ANDRYNAUMOV,10
BESSIECOOKSYOU,16
ALVA_MC_GHEE,133
ANGISDOOYL,565
AVIAPRES,696
BAUMAN_OFF,1141
BE_BRUTA_L,26
BIAANCLEESS,152
ALIISTRR,1632
ANTONRUMSS,546
BELBELLOC,40
ANDREY_LISCHINA,32
AMBAASTRT,6
ANTONOVMENMENCO,246
BERGERJAMIE75,40
BAZHINVAZHEN,378
1488REASONS,53
ARGENTINACATLE1,680
ATIF_SHAIKH_ME,79
AHNORDYK,562
ANITALOVEHEART,62
ARTURBURANOF,757
BEDOVVITALIY,588
ABIGAILSSILK,1714
AMELCREECH,46
BELKADASHECHKA,996
BLACK4UNITY,73
ADRIENNE_GG,2900
ALI27HUSSEIN,21
ALWAYSHUNGRYBAE,1
AMAMCAMCAM,84
ANNSAM_SAM,1204
BARRLAUTRS,860
GIOVANNA__MORET,341
GUBATOVOFFICIAL,529
HOOPERIDA_,26
JEFFREYRAYMAY,44
KANIJJACKSON,2547
ITBATAEV,7
GAB1ALDANA,3622
JOHNIEVOGUE,1054
IGORKLEMENTEV,477
JOURNALISTKALUZ,19
GORELOV_ARTEM,31
GRAYS0NWILDE,110
JAYNELLSELTZER,81
JAMIE_MCCARTHY_,779
JANNATROJANOVA,519
KALININSKVLADIM,13
GREG_GREGG_,13
JACQUELINISBEST,5859
KARL_SUMMERS,58
HENY_AMBERH,212
INGERASIMOVA,30
GRACH_VASILII,32
JACKIECOWBOY,17
KAMALOVATEMPSEN,253
GECNOT,435
GARIK999999,513
GREBENNIKOVA__,467
ILL_VAN,14
IVANOVSIMPVEGAU,221
GUSEVGLOSINNUNT,252
HAPPYDAAAYYY,5
HIIMKHLOE,1705
IMISSOBAMA,4171
HOWMARCELLA,37
GOLOSOVALENA,499
INSTASEX_TOP,1
JOHNIEBOYCOOKS,1483
HATTIEB78,144
INGA_MINSK,585
JAEDENMASSEY,599
JUVYLYNJOSLYN,7
IVANOVADAN,489
JADONHUTCHINSON,9044
GUDIMOVONLINE,484
HUNTERODDDDOM,4602
GRISHINKOST,486
JIMWAZZUP,17
INGAGEORG,492
GRAF_VEBER,90
IGORBEREJNEV,526
IRALIRONOVA,997
JASSSCOTT,8238
JESSEJYM,18
JIHADIST2NDWIFE,981
HOLLYDLER,5199
HOTHOTCHERRY,523
ILIYINSKY,338
INNA_VINOCURY,83
JANSKEESTR,1356
JEMALHUSSEIN231,17
KADIROVRUSSIA,4106
GAVRUSHAMSK,60
HAMIDMANSOOR123,11
IVANIMLIN,470
GARR_V_,31
GLAVA39,24
IAMARITCHBITCH,467
JIMYLEVY,4
GOLODOVA_DARIAN,686
GVARDEYKALENA,1234
JAYDAASTONISHIN,4404
KARUCZ_00,28
JENNYHUTCH31,228
GUY_WHOMAKEIT,77
INGAPRUS,1004
ISAEVBRO,13
JABRMAHMOOD,3
JUANTHOMSSTRUMT,1346
INSPECTAN,48
JEALYNAVAN,3
INEEDCOSMO,485
GOAOLL,40
JAMHARRIS_,51
JOHNNYBLACK91,61
GABIJENSEN91,172
IBRAHIMNOOH132,10
JAYCOBBRI,53
JOHNCOPPER16,821
GOODSPB_LJ,510
HORRORKI,1884
GEOREVIEWEUROPE,39
I_AM_A_SCATMAN,42
JONATHANDOTNET,18
JRRBRTT,320
JON_UNDERWOOD_,483
GASOLINEBECKER,12
HAMZA24MOHAMME1,13
JAYBRND,32
KARUCZ,12
GLOBALFOE,484
JMCD0WELL,129
GWENDOLYNGOLDNE,3
HANNOVER_BOTE,1550
ILLI_ALT,64
INSTOTUS,559
JACKKRASSEN,96
JEANETTEDBOLDEN,2588
KARLGOLDEARL,28
GRIILYIN,7
HARVEYRYAN92,161
GEOMAKSS123,516
HUSEINALJABBER,1
IPHONEOFAPPLE,512
JANELOUISMILLER,62
JUSTICE4ALTON,8
IBETYOUWILL,3
IRAIRAIREN,528
IWOMAMYBB,68
GERTY_HAWA,261
GUNS4LIFE_ME,222
HALIALHASHIMI,9
GEPADIKULAXE,171
IVANNIKIPHOROF,43
KARMAISABITCHH1,123
HERBERT_BACON,44
J_CL_K,95
INFORMSYRIEN,2286
INGUARD82,19
HERNAMEISCUTIE,220
IBOCASID,15
IGOR_ROMAHCHUK,88
GGAZARJN,11
IANCALH0UN,1014
JANI_S_JAC,6447
JAVONHIDP,6610
HAMBURGBOTE,10811
JENN_ABRAMS,22861
IRINA_GENADIEVN,496
GL_WORKMAN,115
JAMIMAHDI,58
GABRIELITAA7X,4
IANAMONTANA,890
IJOHNKIMBLE,16
GOLLDOR,16
JERALDWOOW,4
JUSMASXTRT,1741
JUSTBE_MINE,156
GARRETTHESHADOW,14
GREENMETERS,3
HALIID_MAS,2
HELLIEEDWARDS,3790
HMZAMAHMUDHAM,11
IRINA_BYKOV,65
JOHNBENBENTON,12
JULY_REUTOVA,513
JULIASEXYBECK,16
GLENNHARPER_,678
ISA_BELLA_GR,194
JJEANMOREAU,26
JASPER_FLY,3745
ITSMONAMUUA,96
JAMIE_DIVER_,11
JOTEFOKIS,696
GENABABKIN,577
ILYAZELUDEV,38
HASHTAGMEMOM,116
JOEDOLTON,13
IGNAT_IRINKA,45
IRINA__GROMOVA,541
ISABEL_STAFF,219
GAB_ARTEA_G,145
GUSEVAPLANIMNAC,357
HOROSHILOVVV,44
JUSTICE4TAMIR_,21
GLOTOVGLEB,520
JOHNNYMARCH_,1336
JACKSONCITYPOST,6140
KADENMCCRAY,1
KAIDALOVAMARI,883
HIPPPO_,2691
GRICKIHH,479
ILOVESARAHRICH,3665
IRIS0_O,653
GREENMONIKA6,5
HARRYMAGICIAN_,50
HERNAMEWASNANCY,46
HOUSTONTOPNEWS,4668
JAMALMUNAKE,6
JAILIJA,31
JEMISHAAAZZZ,1925
GAVRILOVA1LOVE,493
JOHNS_GAVIN_,52
KAHALEETR,1128
JANELPERKINSON,1253
JULIANNA_YES,66
JSNCAREY,1073
KAMILABUROVA,474
HISTERIAME,497
JEBLARY2016,1332
HEYITSGLOR,401
GATTISILGATTI,2631
GEVIWSEKTOR,12
IRANOVICOWA,495
IVANSKAYA_LIDA,5
JARRARDNORMAN,1809
GWEN_GARLAND,69
IRIRMOSKA,700
KALVINNUTZZZ,63
GELENVAG,26
HAMIDMAHHAMSYR,20
HEREANDTHERE_,1
HEYITS_TOBY,3569
JESSEHEATH86,72
JESSIE_JESSIE_C,6327
HENRIQUEZ_A2,24
JASSMOORE11,10
JIHADONIGNRNC,15
HAWORYMYHAK,128
JOHANNBERGBERG,570
JOYCE_JACKSON18,83
JORDA_MORGAN,860
HAPPKENDRAHAPPY,5479
JUSTICE4JAMAR_,2
KAROLINEAUGE,21
HULCKHOGANN,523
GAGYSOKEFUV,203
HUNGRYCELIA,6
KARENPARKER93,4568
HONEYBOBOOBOO,41
JAIME_BOOO,79
JESSYBOWWOW,477
GUILLNAVARRETE,4918
GRACIE_____55,59
GRIGADWIN,20
INST_VETS,215
JUDELAMBERTUSA,2770
IRENEMCCANTS,55
JACKFAIRY1,12
JERMAINE_BOSSY,13
ISOKTOBEMARK,107
KARI_DODSON,19
IM_MADELINE_,24
IRENSAFRONOFF,517
ISMAILGAFUR1,1
JULIANNAPARF,704
GURGENALEEN,2
ITSDEREKMOR,10
GABRIELLAFALTZ,519
ISTOMINERNEST,35
JENNINGSL524,3
JOSHCARSSON,6
JYOTIRDHARREDDY,50
HARRYLEVVIS,3
HIIMJOEBRYANT,41
ILONAGRISHANINA,37
JMSCOXXX,4065
KABBALALOVER,36
ILSOLOVYOV,6
IRENNE_OFFICIAL,274
ILYAKALIUGIN,13
HOROSHAMASHKA,37
INTERFISCHER,2099
IRA_COMBOMB,3
KALINIKOVVIT,24
IGNITEDFIRESTAR,694
JOSEPH_JENKS,384
IZMAIL_SERG,498
G__AHARON,21
HARKOVLIVE,142
HICKEY_SETH,9
ITSFOMA,20
GUIDILILLIE,99
JEFFREYKAHUNAS,3377
JOSEFASPANG,25
GALINA_FR,13
GINNAGINNAA,11
GLOED_UP,2
HABDARRAHMAN4,13
HAIDARQUSAY,1
ISRAEL_WILLS,1217
IVEY_MEXX,65
JEROMYJEROM,25
GARRETTSIMPSON_,5007
GAVRIILZAHAROV,18
GALENTINIVAKIN,11
GRIGORANT,598
HOLDMEJERRY,541
HOLY_SPIRIT_IT,201
GRACELILSTAR,335
HIMKOVVLAD,527
INGRKOCH_KOCH,296
JOHAAJOTS,1111
GORBATOVLIVE,3
JAMIESAMY,126
GORELKINNN,38
GRISHINVANNO,58
HARRYTHEFATHER,122
IVAN_IVCHENK,4
GFFGFSFGFSDFFJJ,1042
HOLYCRAPCHRIX,2485
IMOGEENTR,1490
JAREDNOTLETO,47
JEANUTTELLA,7395
JIMTHURMANN,76
HELEN1HELEN1,171
HISLAATRM,6
IBRAHIMYUSSIF21,23
IIDDAAMARKS,6170
JERSTONER,5518
GRIGA_BASH,243
ILYA_CHAXTA,36
GLEBNIKON,1202
GORBENKOVAA_,488
HONEYCERF,526
IDRISMADZHEED,175
JUSSLILSTONER,12
GEORGIOSTR,25
GAYLEHAPPYMOM,80
HUMPHREYALESSIA,15
IRAK0T0VA,440
IRNELLA1,542
J0HNLARSEN,5945
JJ_WALSHJ,102
JOSHUASPENCE88,4
JWOODS_MAN,40
IRUSIKPUSIK78,509
JAS_BAC,14
JEREMIAH_JAH,63
JOSHUA_WOLFY,18
GEORGE_BENTLEY_,10
GEORGIIBAVIN,38
GLEB_XLEB_,95
ILIKEBIGBUTTAND,5207
JONACOLLETTE,12
GWENNYTHOT,5332
HYDDROX,17408
K2DANGER,14
JASONIRINA1,7
IRINA_GOOOOR,618
KAPFEN,14
KATHERINESKS,77
GROMOVAGIRLL,502
ILANPRICEUSA,3
IMASWERVE,5227
KATEDEBROOK,161
GIRSHVASILISA,481
HAFUPINK,6
HERLIFEISLOVE,721
IMAPHARRELFAKE,2685
JOHNMORGG,18
JOHNBRANCHH,1044
HAYDELYYST,7
HEYHEYHAILEY,2206
GRISHIN_SLAVA,44
IVANOVAQUISIPIN,1359
JORDANSHELTONW,105
KADEHUMBER,532
GREGFRANKLIN030,7
IRONSMIRANDA,9
HAMEEDALMUR66,3
IVAASSNTR,1145
GALLOWAYELIANA,1732
GALLYNAA,166
IDRIISFAHR,2
IBRAHIMSALIM222,16
GG_BATES,38
GOZHMAN,21
GVOZDYAMBA,28
GERAVAREEV,42
JEFFYDANIELS,51
JENNAJENNKINS,68
HANDSOME_HENSON,984
JENNATRAVELLER,302
ICEICETII,709
IWANOWAFAJA,1
JOACHIMBUCHWITZ,272
INFOREACTOR,9662
ITSREALROBERT,100
GARRET_CANDICE,47
HANNOVERBOTE1,3
JERY_ROBERTSYO,2702
GENADIY_ALEX,244
JOANNHARREL,9
JORDIN_RAMZI,30
GOTRICIAG,17
JAWORSKIKATRINA,104
JOHAN_NIGEL,9
GERMANBOROVKO,488
KATERITTERRRR,5960
GIBBS_JEREMY_,647
HUSSEINASSAHAFI,4
JAAMISSTR,5
JUSTIN_MC_CALL,98
KANSASDAILYNEWS,28890
GLOTOVANNA,516
HARERETRT,6
IAKOVLEVAAGAMBR,233
IVCENKOV,556
JEANNEMCCARTHY0,2597
GREINTRINA,37
JUNITAXX4535,5
HOLLANDPATRICKK,3177
JSHMRTNEZ,144
GODH8SBIGOTS,90
IAMMONICABABY,46
JUSTICE_4_JAMAR,26
INA_MALONE,84
JULIEIGNATIEVA,83
GRISHAZUBKOV,24
HERON_ANDREA,1205
JAROSLAVAKIMOV,28
ITS_OLESYA,1085
KARP_MAKS,30
GLADADILA,183
JOHJOHHO,115
KALIYAH_RRS,20
GLEBUSHKAGLEB,15
HANNAHALLL,9
HVOSTOVASVETIK,16
ITSTIMETOSECEDE,980
FORUMSTRATEGY,4
EVASSLTRT,3
EDENISYY,21
DAVIDI_HERE,1100
EVELYNSHALL,68
DANAIVANCH,459
DEREKKGREGORY,38
DIANA_17_08,946
EGORBARANOVV,913
ELNOXEL,11
EMMA_FSSXX,129
EVANNMOSSS,177
DARIDADAR,489
DARKNALLY,2451
ELIASBRICK,3080
DEBESSTRS,12186
DNEPRGOODNEWS,163
DREAMERALONEME,496
ELEVEN_GOP,101
DIAB0LO,45
DJKATKATKATIE,104
EISSYT56T,3456
DEALWITHWEIRDOS,11
DMITROVALERA,593
ED_WA_RDD,475
DANIE_LLE_H,14
DRMICHAELGARCIA,4452
DESTROYMEPLS,59
DONNIE_HERO_,38
DORARATCHET,83
FUNAT1C,62
ELIZEESTR,11250
EVANS_TAB,158
DOLLAROVMSK,623
EXQUOTE,59652
DANNIILST,3
DROBOTOVAZ,576
ETTA_JHNS,40
FROLDARIA,481
DARCYYSTR,2116
EVERIIAST,718
FEYMIIRA,965
DREEEEW1HUDS,17
EAECTODAY,160
ERNESTINEEALVAR,26
EROFEENKOANTON,1625
DEUSXYX,2395
EMMETTMTH,157
ELPASOTOPNEWS,4402
EROHOVA_K,512
ERRIVVVVERS,6090
DELORESP00LE,63
EDYARDSERG,34
DOYRANDO,196
EGORSAEV,22
DOLPHINVENUS,473
ELLAWONDERGIRL,61
FASTLIVE_5,416
DONTSHOOTCOM,808
DANNYTHEHAPPIES,2706
ELLEONORAAGEEVA,492
EGORBUTEN,91
DP_TROVSKY,9
ETOMOYOIMYA,40
DARKTANK1992,34
DJVIBELOZEROV,45
EGORUSSHKA,551
ELINSSTR,4350
ERASTOVARTHUR,434
FIGHTM_D_B,945
DIMAN__DIMA,26
FIONA__ONA,1238
FLOYDSWENSON555,295
DUSTINCOOOL,53
ELMA_ELMAMA,210
DINADONA69,455
DMITRIBELOV12,32
EAZON_TRAP,107
EMMA_KVN,1309
DEMIDOVDMITRII,676
DOMINIKKELLER22,374
DURTYTULIP,537
DANTE_FISH,12
DROBYOSYA,201
EDMUNDRJR,554
DEELOCKMAN,15
DESERTQUEENOH,238
ELISEEVA_TAN,197
FACEMECHASE,55
ESTERBRIANG,37
EALADDINS,1
DOMINICVALENT,4397
FIGHTCONSTANTA,543
ELIANLINDSEY,2017
ELMERWAYNEE,16
FEDORKRIUCHKOV,35
FRIEDADAISY,30
DAM0NSPENCER,59
ELLISHARM0N,153
ERICBEBERG,70
DMITREVASILIEV,231
DANNY_TURNER_1,685
EWYOPLAY,444
DYBAIGWEN,207
ERVIN_ALFORD,1
DAVYDOFF15,323
DOROTHIEBELL,3735
FREEJEROMESMITH,2
EGOROV_DIMC,42
FIGHTCLUBLEGION,2
EGOR_GLUMOV_,124
DER_RICKA,34
EBLASHEVO,372
EMELDDTRS,1128
EVGENIYYVOROBEV,35
DEBORRTH,1465
FFARDD,500
D_ANDRE_AUSTIN_,46
DANIILALEKSAND6,31
DARISHALEBEDEVA,31
EPISHINAKATE,573
DALLASTOPNEWS,10092
DONETSKNOVOSTI,4253
FISCHERMARIA933,361
DEBORAH_NORRIS_,73
FANNIEBRADLEY88,85
DEN_DZEN,61
DEVINEDEVINBR,1904
DNT_SHOOT,13
DUBOSEBELIKE,1
EVEGREENE88,10
DANNYMASLOV,777
ELITHKURY,151
EREMEEV_OLEG_,53
FAIRYMINKY,134
DARNELLMATHISS,4
DANA_GARNER_ME,61
DELVECCHIOJ1,5
DEON_LIEW,1
DMITRIEV_IR,2
ERIKADIXONLOVE,15
ERICHUMMELL,40
DMITR_VIC,9
FEDOTOVAROZA,210
DAMANIMILES,1681
DAVBOYD_,466
DIGESTLJ,231
ELISAAGREG,24
EGOROVSDESIGN,480
DINGDONPARKER,535
DARRELL_H_HUNT,10
DIAMONDSL0VEME,119
EVGEN_BBB,144
FISHERRRCALEB,48
DAN_J_SHAFFER,9
DASHACAO,539
EGOROVALEKSS,539
FREMONTHENRII,20
FLAGFLANAGAN,11
DUNNOWHOWANNABE,43
DIETER_PORT,161
DOUGGIEMAESTAS,50
ELBERTBOOM,2
DIMITRI_LEBEDEV,423
EVGENIINIKON,323
FORCEOFLIBERTY,310
DMITRO_GONDAR,33
FORUMSTRATEGOV,169
DOMM_CLAYTON,3
DANIELLETAWN,18
EMILYLOUNGE,970
EMMYBAMBI,176
EVANNGHARTR,5492
FILATOVALECHOSL,1194
FUNDDIET,20192
EVGENPAPER,282
DENNIUSHAK,561
DOROCHEVIZ,6
ERTMANGRETA,142
FROLFROLDI,18
DENISEDENNDEN,6
EURYNMCCOLLEY,290
FILINLEONID,23
DAVSICHE,15
EVERYDAYHOKKU,1
DENN_NIKITIN,6985
EMILLLYSTRU,152
EVANNOTMCGREGOR,70
FREEDISCUSS,757
DATWISENIGGA,5598
DEN_SHEFRAN,32
EVTUSHENKOMIXEI,30
DOLGVLAD,38
ERDOLLUM,2625
FAKEVIDEO17,2
DEBBSFARRELL,123
DYATLOFFPINATEL,439
EMMABAHVAL,498
ERDOLLUM666,752
FHILPRIL,20
FOMINAIMINILGE1,362
EDDIEALONZ0,223
EDMUNDC0OKE,719
DRESDENBOTE,2151
DRGREGORYWEST,194
ECHOPARADNOY,1
FISHALEXANDERR,321
DI_MC_SOLOV,29
DUESSELDORFBOTE,194
DEGTYARDEGTYAR,13
ESSYKRAC,12
DAN_SEL_LERS,12
ESAYL_ININ,101
ELENSOMOVA,491
EGERMANS,20
ESSIEBAILEY_,77
DUUUUUUUUUK,498
FEYYLOGAYYLO,41
DETROITDAILYNEW,14115
ELLISSTRT,4
DIEZZZ_,8
DALLAS4COPS,2
DELINKA2014,501
DONNIELMILLER,2413
DORSOR077,509
FARISMAHMOUD22,93
DEANNAMOY,402
FRANKFURTBOTE,3706
FREDYTHECREATOR,37
DUMBTADUMB,488
ELENKOLMOGOROVA,491
DUTISITE,1002
EVGENISHENKO,23
DONATELLOJACK,105
DONNABRIVERA,3298
EMILEEWAREN,5079
FRANCESCAVAND,145
DICKYIRWIN,3259
FINLEY1589,4658
DONALDOUCH,57
DURADURNOVA,480
EVGENIYYMIROSH1,28
DAVYDOVAZH,545
DD_MERR,116
DELFALARUS,483
DOBRIYEGOR,3
ELLASTRS,4027
EMMAJACKT,1488
DEMENKOVAAAA,541
DMITR_MIRONOV,253
DANAGEEZUS,12841
FLISSFLOWERS,19
FUUNCAKE,27
DEBRA_STERN_,124
DIMAROSCOE,486
DISNEYTV_RU,555
F_HANKARD,1
EBECKCOBLE,475
ERICKWALTT,5
FINDDIET,29038
DANAKATALIMOVA,31
DANISSTRS,6222
FRANNERVIA,1647
FREIDA_HW,54
DEL_MCQUARRIE,34
EINSOLL,498
FUKKKKHERR,49
EFFYCAVIN,440
EUGENELLLL,500
FEDOTOVVAS,39
DANYBORISOV,462
EDLEYIMOGENE,3
FRANCESCADIAM,34
DEVYATKOF,36
EUGNBALYASIN,17
EGOROVGRANIGINE,242
DEVIN_YAT,45
DWIGHTB0ND,24
FUNKY_KAY1,43
DORTHYSHARRER,211
FEELLMORE,16
DONNIMUSIL,88
ELIZAVETA_BOLDA,453
FEDOR_BELOVODOV,428
FINNAGLO,1527
DALTONWOOD14,252
DZHABIRZAHAB,134
EVBOWMAN,183
FRANCLANDEROS,10
EREMINKIRYUSHA,45
DARLENEKING_,79
DEREKDEREKCL,33
ERNASHEPHARD,62
DUMOVAELVIRA,511
DASHUSTIK3,457
DAUMOA,136
DENIS_KOLESO,42
DANBR00KS,72
DAPNESSTR,2448
DASHING10TH,420
EDWARDBROBERTS,930
ERMASHOVA90,968
ERICARUTTER,2774
FILIPPGRIGOR,561
DOBRE_DENN,26
ERICAANDSSN,5
EROVINKOLORAD,326
D_A_S_H_AAA,1152
EHERMANN66,300
EVAGREEN69,2789
EVEWEBSTER373,1110
FIGHTTORESIST,672
ETOYAGRISHA,447
DALIKWESHA,77
EGOR_LOLOLO,524
EKATERINA_FROL,17
DOMNICEV,546
FAMEONYOUBITCH,3314
ELIASAKAPARKER,7
STLOUISONLINE,12707
TOMAS_DANE,23
TYLERBOYERR,119
TARAFORMA,3
TIPAMUTKO,5
TPARTYNEWS,1843
YALANSKY_D,33
VELICKAYAYEKAT,10
THETRAINGUY13,284
TREBITOVA,31
VANNYGREER,203
VASYADOBRIY,33
VARVARA_KABANOV,155
VARVARA_ALL,443
WORLDOFHASHTAGS,23724
WWORNPATH,6
TAMI8569,80
TOLIK_SATAN,511
VENGEROVAA,15
VALYAMOOR,496
WHATSUPPPADAMS,8
THELMMISB,2768
WATSONTAYTAY,10
STEPEFIMOV,10
TWNAIDENYSH,22
WADEBINTOU,31
STEPA_HARD,48
VIKAGOGOGO,493
STO_CHRISTI,148
TTTANYATT,480
TAISIAAVDEEVA,1297
VIKAHOLIDAYS,522
STOLZKRISTINA,246
VLADIMIR_CMIRNO,79
VIRGILSSMITH,122
SUTTON_TWEET,47
TODAYCLEVELAND,11006
STEPANSAZONO,1332
TAGIRHASAVI,9
TAMAFLAN,25
STINSON_SS,145
WINST_MARTIN,29
V_VASILEVNA,79
WILLIE_BIGN,43
STROKINOVI,299
TRUENAVALNY,2
SVETADUBOOO,499
T0NYACRAWFORD,47
TRACEYHAPPYMOM,4615
TABACHIM,505
TODAYINSYRIA,15401
VARVARAGRNVA,486
YAH_MALINA,79
TAZIST,15
TOGANSHIN,10
VEDENSKIYARTEM,361
WECONQUERWORLD,19
VALERADEMCHYK,453
UNICORNRAINBWS,495
VALEYINA_DM,6323
YLLIA0,30
YAROSLAVVELIKY,138
TYPICALMURICA,34
VALERYABERESTEV,470
VLADIMIRKORZ,580
VYSEKII1,597
SUSUBERGERR,244
TOLLIVERSTEPH,180
TOURETTESN,58
VLADALVANOVA,57
WHITEHOUSECARDS,2088
VARVARDUB,493
SUNSANB,165
V_BAKULIN,107
WOKEFROMDAY1,1424
TAISIYA_C,1055
TODAYBOSTONMA,6595
TRINITTXS,3
VANESSA_A_LOTT,107
VATKISA,397
VOLODINART,495
YAELTROUBLE,706
TATIANAMAXTV,57
VALERABAY,19
TRAVISRESPEK,1706
YANAGREBEN,453
VLASOV_YA_,45
THEGRANDTAYLOR,13
TINATKURTZ1222,272
WALTER_HEY,31
STOPBRUTAL,95
TEDCOOLASHELL,8
THOMAS_GERSTER,599
TX_INDEPENDENCE,18
USA_GUNSLINGER,3246
VESTNIKKLNNGRD,42
VAGANOVASLAVA,482
VALERONADUEV,353
WASHINGTONLINE,11768
VIADSNTR,6
VLADAGUSKOVA,502
WILLISBONNERR,5027
WONDERHANN,433
VOLTSTERN,53
V_DANCHICOV,69
WAZEME_ZINA,3
TA_M_A_RKA,1139
TIMOSHA_SUPER,907
YOUJUSTCTRLC,3651
THEFOUNDINGSON,8863
TOPSECRET_LADY,475
VICTOR_SAMSONOF,67
VKOSYREVA,1
VARGINSLAVA,27
SVETIKALL,535
TIMOHAAGAFONOV,474
TODAYCINCINNATI,11761
ULIABELUSHIVA,337
TEMA_KORSAKOV,502
VITAEGOROV,515
THEOVYAZGIN,44
STYLEBYALLA,1832
WAYNE_DRAKE_,978
VAINORUSSIA,98
TEMA_ARTEMA_,18
TESS_SNIDER,1033
TI_MIRONOV,26
WHOCARES423,52
VAKULENKOVASS,523
VAZHANKOV,508
VVARLAMOVV,22
TANZILSAID,3
WATCHMEWALKIN,8206
SUPPORTRUTH,48
YATTVRUSSIA,212
TAN_BRAY,37
TARASVAVILOV,51
TURANGALA,14
STEPSTEP_HEN,96
TEN_GOP,11341
WADEHARRIOT,6080
TEBEPIZDEC,2
THEPLASTIC_AGE,3367
TIBUFOFAMAC,640
STOPIGRA10,32
TRUSBALBES,46
VITYAGRUSHIN,8
SUDJQERO,12
SVETZVEZDABALET,519
VIKATIRANOVA,496
SYLVIELEFEVRIER,23
TOLKO_ANATOLKO,15
TVOYAMAMKA1990,67
TONYLYNNNNN,92
WARRIORS_AZTLAN,74
TERESA_BOY_LE,122
SUICENCHANTRESS,2209
VARVARA_KOP,5
VITALIJBASIXIN,172
VESTIZAKHAROVA,825
TT__NORTON,81
THUERINGENBOTE,2092
TOVANOVPETR1,3
VESTNIKTULA,1237
VASILIEVANT,495
VIACHIKZUEV,273
VIKUS1992,31
TARAN_ANDREYY,43
TAYYSSTRUT,6
UNIKORNPOPCORN,224
TEZAHAROV,1281
VIOLAASTRT,5
VLADIMIRVORONO,174
UTROBINACAESERR,241
VUNONA,12
TRANSSPBGPU,513
VOVAMERKUSH,58
VALENTINKAMAEV,503
VATNITSA,69
VVERAYAKOVLEVA,495
THELONELIESTDAY,1121
VLADISLAV_1986,29
VOROSHILOV_OLEG,457
VEROSANRRT,2140
TRUENEUTRAL0,18
SVETIK_ALL,490
TIZEFAKIPAD,30
VESTNIKPSKOV,177
VICKIEBARBAR,163
TERRIISTOOGOOD,78
TYLERBUCKBUCK,18
VARYAGKREYSER,129
VICKYLOVELYG,93
WESTERNWINDWES,2085
WILLIETHELION,114
SUMMERHANDY,179
SVETAMERCURY,475
WIKAVECYKEKO,465
VOROBEVANADYA,489
STUTTGART_BOTE,2953
TODAYNYCITY,18534
WARRENPORT,1
STRATPLANRU,11
WILLIAMS_DIANA_,177
STERRSAM,1
TONY_MAY_,4
XDWILLIE,421
UMARKHALED05,14
VASILFAITH,565
SUSANPETERSON_,19
SWEETKERRY54,120
TZENIWURAOLA,11
VANWHITEBIRCHN,24
YA_YARIK_,48
STWAGNERARIANA,174
TESSSFINN,51
TAYLOR_PARKSY,91
TEDCHOCKHOLDER,5
VASHURKINMICH,563
VIKAZOTOVAA,99
VITTOREGUIDI,2408
STERNANDREAS404,497
WILLJOHNYOLO,78
VAL_ZOL,2234
VESTIMINSK,109
VIKTOR_LAVREN,879
VLD_AM,11
TAANIYA99,457
VESTNIKPTRZVDSK,25
VA_BLACKNEWS,262
TIMBELOZERTCEV,11
WILEYWORKOUT,60
TONEPORTER,1807
VIZYDYREGUJI,18
WILLIAMS8KALVIN,1063
YKUDAJ681,523
SVETLANKAZZZZZ,551
VLADEVLANIN,29
SYLVIE1FREEMAN,7
VIKA_BERE,2
TEODOR_FM_,55
VESTNIKGROZNIY,1175
VIKAIVANOVASA,129
VITAREDHAIR,520
STEPASOBOLEV,154
T0NY_0BRIEN,59
TERRANCEPATIENT,37
TAMMY_TAMH,198
VADMMM,539
VICTORIAMAXIMUS,8
TWI_AZERNIKOV,561
THAASLITT,6
TEDSANDERSS,7
TONYWILLDO,11
UBERGAR,15
ULRIKEMCKINSEY,118
VORON_MIH,13
VOVANABRAMKIN,32
WARFAREWW,3219
TRAYNESHACOLE,7846
T0NYASINCLAIR,790
VINZEYUSS,2
TARAFORMATION,364
VASILICHVASILI,2217
WORLDNEWSPOLI,36974
STRICTGRACE,92
STEPHANIETHEJAD,18
TESSYELMORE,1274
TODAYMIAMI,14081
TODAYPITTSBURGH,33602
VLADGUROVV,39
VLADISLAV_POM,21
TIMBORVICKY,36
TOMMYWATTSSS,56
VYSEKII,34
TARASTWEETOR,520
VOROVSKYY,35
WEWANTFREEDOMNY,44
WILDHAREE,557
VIRENDRA_COFFIN,42
THEMANMACHINE17,406
VOROBUCHEK_,11
VIBORISOVA,1225
VLENELENAV,10
WERNERBOCH,107
WILLLLIBROWN,21
TRYTOFINDITOUT,1098
TTLENLEN,2829
VIKAKLYBNIKA_,507
TERRYBEVER_LY,75
VERRELLPORTIER,19
VALENTINYAKUSH,38
VERNIGOROVAN1,535
YOLOBUHURTO,24
VICTORIAMAX45,2
STSPEROV,12
VALENSIJ_,514
WOKELUISA,2295
VICKYROOOY,84
WHOISWHO_ORG,412
SUSAYUNG,1060
VAS_MORDVIN,25
VASKASHELEST,566
VLAD0ALEKSEEV,29
VODNIIKRASNOV,23
TRISTAN_RICHMAN,12
TRIBUNAONLINE24,4496
URSULA_HEIM,216
VITALYIDERBENEV,626
VITANOSOVA,11
VLADA_POLLO,1361
STAYWOKE88,5539
SVETLANALESHKOV,607
ROSTSERGEEV,31
POLITROS_COM,833
SHIELDSCLINT,106
SECONDSON6969,27
SERHIODABEST,34
RADUGKATE,388
SLAVOSLOV,34
RH0LBR00K,6296
SPBSPORT,940
STARCEV_SERGEY,7
PRIBYSHIN,1
P_U_S_T_O_T_A,499
RAGLAND_LAND,41
ROBERTEBONYKING,7199
ROMANBALUHIN,132
RYAN_BET,47
SPARKSDANS,4
SLAVABULATOV,33
SSABRINAHUH,206
SEMI_ZOO,192
RAYLEENNEELAM,2
PUTINTSEVACUVAS,225
ROZGALRIMA,462
SECRETREPORTT,23
RRIROSE,806
SERGEIVCHENKO,567
PONOMAREVSLAV,1586
SHARAPOVTERCTIL,268
PROSTO_NEPROST,16
POLITWEECS,4257
SERGEYAVDAEV,266
SKYYLASRRT,3
RHODYROLLIN,72
ROBYNMELVOIN1,3
RUS_IN_USA,702
RIKKIRI1,4
RITTERTRA,43
SASHA_BEREZHNOY,421
SEREESSTT,17
RUSSIANALLIES,5483
PPOGRESSEO,496
PORTMELA,876
RAJAMANICKAMDA2,64
RENALDOKYROU,23
ROGOVILIA,1045
SEMENOVTOSHA,38
ROSSHELLYEAH,97
SERAFIMASTAR,570
REGKAGANOVA,499
SEREGAKAVERIN,445
PUSHA_072,566
ROCKINMAFAME,5
SCOTTRAPWALTON,19
SOFIATACKLES,51
RIAFANRU,22886
RICHRIC_RICHARD,108
PUDDIN_LETO,2302
REACHITDOIT,818
SERGEEVICH_ART,186
SONJAANDBRIDGES,12
RAMVANWAGE,18
SAIFFFOUAD,13
POLIT_OBSERVER,93
ROBYNRHODE,35
SAMCHATMANNN,48
SPEARMINTME,482
POLOVINCA,446
RITACLOPP,225
ROMANOVAGEOPRUD,213
SOLANO_KI,114
SONDERKATHARINA,471
RUSSIANMONSTER7,435
SASHA_PETRENK,30
RUSLANVAXIDOV,46
SEMENOVADEXTSAP,240
SHERMUELLER,26
SPENDING_GOV,28
RAINYHOMIE,567
SONYANIKTO,492
SPBMISS,8
POLONSKIYY,24
PROJECTLANDY,514
SERENITYSANFOR,24
POLITOPROS,712
REALTEN_GOP,144
ROCKTHEMICRO,136
PUMPKINSHMAPKIN,992
SHIROKOVFEDOR,516
SOVETNIKSTATSKI,1996
RITA_CHERN0VA,48
SANANTOTOPNEWS,10666
RAYMAN_ANDY,7
RELIISTRT,6
SEVAKOCEV,3
ROMANGOROLOV,1750
SM_DOWNEY,52
RAUL_STON,1
RYANMAXWELL_1,3211
SACHCLOUD,10
POLYEGOLOVY,62
SASHATWEETOR,532
SERGODINCOV,8
SERSAFRONOFF,18
SINCEREPRUITT,1231
SINDYBLOSSOM,188
SERGBRIANTSEV,1881
SOLER_MCH,75
SORMUMTAZ,25
SOUTHLONESTAR2,45
SABUDAI100,127
SHAPOVALOVANKA,40
SCHULTEI2,324
SKWAD55_LABEL,276
SOBOLEV_DENISS,154
ROZHKOVGEN1,181
PROFDYSTROPHIC,480
SILLYSEXYSILLY,491
REALWATERLILYY,19
SERGAKSEN,42
SAZZONV,65
SOKOLOVADIAFLUC,243
POLITICS__2014,1221
REGIEBLACKMON,4553
RUSSIAISBEAUTY,166
SALIMSALIMSABI1,14
SCHENKMICHI,54
RICHARDMALMAL,22
SLAVINAOKSI,1255
POOREKENNA,508
RAMONASNAILS,3889
RAOULDUKETWI,540
RUSLAN_MARLIN,545
SAMANTHAWOW,11
SICCERTHANYOU,2046
SHAYLAGARRETTT,35
STANLEYPARRIS,4266
SAVECOOPER,28
SHERLYMONMONC,145
RYANAMBISHOP,49
RALLYCHARLESTON,12
SBORISOGLEBSKY,27
SCREAMYMONKEY,44041
SERGEY_027,42
POLITICS_T0DAY,23034
REINDEERDEAR,486
SABIRMUHMUH1,27
SHAKURUSUF,1
SERGEY__O,24
SMOLNYVASILIY,32
PUREDAVIE,2741
PORTER_2TYPE,103
RYANESWEENEY_E,3
STACEWATERS_,145
RISSTYTRT,851
RESISTERSUNION,307
SAMMYDIXXXON,63
SERGIO_MAESTRI,978
SEROVTRITPOEBAC,236
RUSSODECLAN,35
SAVAJENAT,6
RAREKRISTA,120
SOKOLOVALIGIDEN,222
RONALDALLLEN,57
ROSSIROSSIVIN,1246
RACHLEESTRMT,6
SHAKHOVOFFICIAL,36
ROMAROMAAN,554
RAYEWHALEN,115
SHEILA_SHH,34
RUSSILANROGOV,1391
SEATTLE_POST,30800
RIMAMUHAMMAD2,2
SHANNONGIBSONIM,93
SLAVAGOLCEV,547
RAFESAYIED,25
RODDPHILLIPS,52
RUSDUM,22
SERGEEV_TOLIK,2191
STANLEY_COX_,2355
PUBLICMOROZOV,7
SHANNYZZZZ,95
SHUMITZUYOLO,36
PRETTYLARAPLACE,6213
RBURNO_,40
SILENT_JENNA,7
RUDEMYANENKO,20
SAYHERNAME16,28
RUS_ANIS,216
SAGANOVAVALYA,505
SLAVNIKONOV,27
STASCYTR,6
RADEKESOFIA,183
SCRELETS,16
ROMAKRYGLOV,421
SALAD124,451
PRICEFORPIERCE,2825
ROMANAGAFONOVV,1948
SHAKYMILKY,464
ROSTOCKBOTE,135
SAARLANDBOTE,134
RIKASBAR,83
RUSSIA42TV,124
SCREAMIN3,376
SEANROY1984,28
SHEENA_RING,61
SARAH_GIACO,11
SEVAS_INOKENT,47
POZITIFFCHIKKA,27
RBA_NDR,5
SAFTEX,19
SPASIBOVVP,438
PONCHODRAKONCHO,495
SBELOV_,18
SHEENA_OTT,130
SIDNEY_RIV,88
ROMABULAVIN,11
SOPHIEKOLE,176
REDLANEWS,1540
RUSNEVROTIK,2405
SAMIRGOODEN,5791
SOUND4BOYZ,84
RADNIKOVAMSK,540
RAVENICHOLSON,4646
REZNIK_ELIZA,13
PUNNAYOANDRA,9
SALIMDJAMIL4211,20
RAPIRAGO,17
ROSIST_N1,148
SOKOLOSHA,512
RF_CHOICE,1412
RITA_ONE_LOVE,1304
SHERRRRLEY,929
SHAPKA_MONO,1523
SINIGOPAJUBY,118
POL_WARRIOR,87
ROBERTHORN1990,18
ROMANFURUCHEV,556
SAVYHURT,41
SOWATSOWAT,479
STARKKONSTI,119
RACHDURANT,160
RALFREIMANN8891,338
RAZVEDCHICA_,1231
ROGOVVALERON,552
RUN_N_WIN,42
SPUNTMELODY,63
PUZJA,11
SHANIA_TONEY,23
RUSKING1703,238
SEREGA0VLADIMIR,544
SLAVMIROSLAV,59
PROKOFIEVKONST,4
RYMANMURPHY,401
POLLLYPOLLLY,440
RONICK_KK,35
SPEAKOROFF405,175
ROBERTHUGHESS,100
QUISHABR,61
RICHMONDVOICE,5223
ROSSRICHRDS,13
SLAVKAAVAS,373
RANDOLPHBURRR,3276
SASHAGREECE,60
PRETTYSASHAH,134
RADSABRAD,272
STASIA_FROLOVA,517
SPECIALAFFAIR,32588
SSSOFIAANDRE,509
QUEENNARIELLE,1400
ROSIEONFLEEK,1826
ROYPRESTON1ST,150
SARAHTHHHH,42
SHILOVASANCTIMI,350
RITAPHILIPP,512
RIVKALANGE,5
SLAVASEROFF,34
RIGHTNPR,837
SOBAKIKAZINAKI,1021
QUEENOFTHEWO,3820
RANDALL_COOKE,168
ROMASHKAMSK,37
RUCONSTITUTION,21
SABIRSALIMSA,850
SCARLETTHOWAR15,129
RAPEDBYCOSBY,136
ROOMOFRUMOR,28360
RYANNCOOPERWOOD,2
SRAHSE,1101
SOSNOVSKYANNA,8
SOULSCOLLECTA,463
SSUS_PANTHER,445
REALROBERT1987,1521
ROOFMIC,7
SHURIK_NESTEROV,98
SIGERMON,770
SOSEANBEARD,5
RDUBROVSKY,509
ROSIST2014,657
SEM_VADIKK,511
RINATSABIL,35
SADIEEATONN,515
RIOGITHIEF,623
SERGGBELOV,525
ROBERT_SHANDER,84
REBEESLYSS,7
RIMA_KOROTKOVA,704
SLEVIN_324,545
SPBSASHAWOLF,536
STANLEY_SPIVEY,8
SOVASOF,657
RODYA_BEZ,50
SHERMAN_CN,47
SOUTHLONESTAR,3673
ROSCOE_RIDDLE,478
SEMENAKRILOV,9
RLOVENOSAUSE,503
PRUITT_LI,150
ROB_COWMIL,67
SANYABESSONOV,467
SOLIFAT,17
POPOVALERVERIMU,785
SERGO_YAROSH,531
POLITVLAST,498
RACHELRAY1203,60
SCTTCRSN,561
RAINBOWKRN,19
RUSEYE,23
SLAVAZAPOLSKY,15
ROBIN_MC_CALL,120
RUOPENTWIT,1027
POLITKACH,881
POWER_4LIFE,93
RIABOVGUIGUEMUL,536
ROCKITJAN,60
R_U_LIFE,144
SIENNASMM,152
SEMCHEV_RU,377
SABSABRIBA,78
SHINEPHILLIPS,160
SAIFSABIRR,151
SCARLEESTRUT,7
SHIKARNOEL,2598
SEVAGRIX,42
LACHRISTIE,1226
MISHAGERBENEV,571
MSHEATHOWENS,1122
KZUNIGA26,1
MBROWNHERE,119
LIRASTERTTRUMP,1372
MMORENOK,89
KATYAKUNST,468
LYNSRODRIGUEZ,1059
KRISTYANANN,1139
LESLIE_FAULK,9
LOGANLOGANSS,21
LUGANSKNOVOSTI,3368
MANZAL_,1646
MRMORAAN,5558
KHALEDBAKRI7,1
MARGOSAVAZH,5982
LENALOVESSPB,563
MARIALUIGI5,370
KOMAROVA6969,34
KRAVCEV_DEN,62
MARTINES_TWEETS,117
MUSAABJUVYLYN,8
MYGAPRINCE,675
LENALYO,99
MARIJALABUSHEVA,45
LAWRENCEDDDD,32
MOROZOVALIGLIBD,234
K_GAYDUKOVA,537
MEREDITHWOHL,29
MEMIZIS,2
MONIQUEX787,3
KRASILNIKOVBOR,533
KSTVENETSKIY,10
MUHSADIG,193
NASTANUFRIEVA,5
LILLYBOGGS,87
LINDDDAAAD,167
LOS_LOSOS_,90
LERONVOINIK,514
MARIAOFSTEEL,8
MMMAAAASHU,99
LILILAFIN,510
LAZER_NIKIT,156
MAKS_OSIPOV_,44
LOREENPAOLERA,107
MED_HARLEY,10741
MELISSAYESIAM,26
MERMACIE,83
KISKATALQUANTIC,242
LDM1900,18
MARIAKOKOSHKINA,11
KILLMEPLSAGAIN,508
KOLRADSKIY_ZHUK,105
LIZ_ZAL_,35
KATHYDITMAR,39
KAYROVAKAYROVA,9
KIRRANEW,483
KOMAROVAGUIPOLN,347
LLAGANPO,36
MAH_ELNAF,1
NENADOBANIT,499
KRYMEACHANIN,15
MIKAPAVILAINEN,3
KESHABORISPOL,44
LORAGREEEN,6363
MALLBOWEN,134
MATISQUAREPANTS,46
MR_CLAMPIN,3836
KRISLISOVSKAYA,14
LL0YDTHEKING,9
MARYMOZHAISKAYA,10
KIRAVERKIN,65
LEONTEVSEREGA,26
LEXXX_TH,196
LOLA_AYERS_,187
LUKAS_ROSLER,2627
KOTOVAMARYS,1193
MARRISSATRR,4902
KURZINVADIMCHIC,43
MAGICATSALY,277
MAVLANOV_KOSTYA,40
MORRGASSSTR,4
MAKS_DUNAY,37
MARIALOPTRUMP,1398
LARAPALMER23,43
LEONIDBROVKIN,501
MASCHBERG,88
MILENARUINEVA,502
LARISAPYLEVA,516
MARISHA_ZU,19
MASHAASTAHOVA,96
MIAONSEA,18
NATATURN,181
KATYHANSEN19,9
KENNYGRATHAM,40
LARVIN_AIYANNA,147
LUCASSTARBRAND,125
LENA_BERRYMAN,549
LEVA_DANILOV,3
MAHMUDRAMIMAH1,20
NAGIB_SALEH,15
KOSTYA_EVS,47
NANA_LAMA,1082
MARYCARRY92,7
MAXFRITZZ,542
NEHEMIAHX,984
LESAVELEVA,1055
MARMARSCH1,241
NASTY_GRACH,543
LENA1STURM,96
LGBTUNI,415
MARCH_FOR_TRUMP,331
MARIJAKRYLOVA,16
KATTYYGEORGE,89
KOVALEV_ROMK,37
MEMYSELFHAILEY,105
LIZAHASJUST,72
KATTY__SILVA,247
MOM_0F_TWINS,141
NATHAREID,26
KRILOV7959,427
MUSLIMS_IN_USA,781
KIMBERLEIGHLAMB,123
MARATGAFVV,14
MIKKYRURK,1662
KATYA_PAVL0VA,550
LUCKY_LEM0N,43
MARISHASERGEEVA,508
MARKMCGREGORY,601
KIRLLVIL,15
LYNDAWKING,2985
MALLORYJARED,2359
MAMA_RUSSLAND,528
MASHAEMYASHEVA,520
MIC_REEZE,61
MISHA_BYIANOV,6
MONEYFORM,3397
MWOODSLW,134
LAPINOLEGG,1035
LVIVYES,165
MOTREHA,10
KATHIEMRR,4763
LARA_KICH,63
LMARINAYS,1699
MAKS___TRAVA,94
MATEVIDENCE,1994
MIDEASTVIEW,2308
MOTHERLANDR,86
KLAUSFINKER,195
LAGONEHOE,3637
MARIRLTR,6
MELLYBARTON,115
MANUELKROSSS,293
LENA_STUFF,497
MALTE_OSWALT,225
MARGARETHKURZ,1293
MARYGOLYBERVA,8
MUPU26,3
KRUSTYPS,1516
MAHAFFEYSUSANN,41
MASHAKRASNO,452
MASHKI_MASHKI,488
KATYA_BORN,405
KATYA_NOVITZ,498
KL_SPEN,43
KRISTHUG5,31
LITTLEBETTYY,7
MAXSUNDUKOV,30
MIGNATIEV1,263
KAYY_CURTIS,24
KIRILLDECHTEREV,38
LAURA_INSON,13
LNEVER_MINDL,145
MARI_MARIRUS,508
LAURENBURTONS,6
LELANDGRAVES_,925
LILYLILYHASSE,107
MALNOCHES,543
MISHA_PROKF,39
LEBLANCPETER_,22
MYRRV13,521
MAISURGANIM,1
MATEVIDENCERU,294
KERIONALISSON,3
KENDRAGRRR,149
LUSOVAT,27
LUZMARTRUMPPT,1362
MUHAMMADMUSA23,1312
LOBSTRIK,17
LUGHHALLEY,1917
MIHADUB,17
MUHAMMADHUSS69,9
NEVICHENKO,1
LADAVISH,102
MALIKALMURAD12,10
MEOFTHEWORLD,80
MAKSBLAGININ,615
NEVNOV_RU,10385
LILY_LEW1,8
MISSLILILOVER,435
LENKASPB,21
MARLENIZZTRT,3
MATTHEW1STACEY,19
LAMARMUTANT,1
LUSCBELYST,3
LIONOVAA,7
MACNEILLTONI,145
MAORBRIGHTIE,158
MARTINAFFF,60
MILWAUKEEVOICE,9358
NDR_BOLOZYB,49
KOLYA177,21
LISA_VOZ,542
MABLE_LANDRY,67
MAKEHASS,288
NATPOLNEWS,81
KOLNBOTE,3586
KRIVELEV_LAW,124
NATHALYAPODACA,46
KOLYA_ILIN102,91
MELANYMELANIN,4516
MILA_NORD,528
KIRA_MIR10,87
LENASHUMEICO,151
LENIAIVANOV,352
MARYKISILEVA,513
MAXGUBANOV,17
MODA_BARINA,3643
MARRR_RAVEN,445
MARGOVELLER,12
MEGGIEMCKENZIE,104
NATALIPETRICK,514
KOTZZZLOVRED,1
LUBOMIROB,30
MARIANEUBERG1,629
MMMDARYA,1321
KOLYABURKOV,444
LEIMILLERS,6
LOVELYBEE_ME,84
MARY_GIBER,775
MAYLUUSSTR,5302
MEMARINAGO,971
MICPARRISH,689
KIEVNOVINI,199
KIRILLANDY,7
LIANGBERTIE,116
MILENAKROSS,6
MOGILEVSEICHAS,155
KELVINKELKELVIN,2
KENZDONOVAN,4321
MAKAYLABUTLER13,3
MAKSIMKOVALEV15,29
LARINVIKA,507
MAXYASTA,38
LERACRUZE,504
MATEVIDENCEARAB,58
MDEGOROV,46
MYROMYRA,103
LOGAN_WHATSUP,889
LAURABAELEY,3540
MUHSANSINS,1043
LGBTUNITEDCOM,689
KIRKSEYSUSANNA,961
KUZNETSOV_BORIS,67
LEHASERG,17
MAXDEMENTIEV,4969
MAXIMGARON1,890
KEVINNOTBROOKS,76
KLARA_SAUBER,847
LEENILSLEE,645
LINDASCHWARZ121,215
MASHULYA_1994,478
NASIMMALIK993,135
LEIPZIG_BOTE,224
LILYYTYY,6
MARY_MARY_ARTEM,587
KENNETGREG,10
NEVERLIET0ME,193
KIRMUX,53
KITSONBRENDA,9
LAREELIZT,3
MANDARINKAEFIM,410
MTTHSBERGER,1060
MIHA_PLET,22
MILAGENINA,515
MILMILMILA_,484
KRISTEEN_BROWN,20
MARGIE__G,55
MISSOURINEWSUS,1379
LILA_GORILA,1616
MARLA_XTIAN,9
MRT_EVRT,379
KURDRYSH,677
LATTECHEEK,516
LUISSTOCKBERG,290
MICHATLAS,521
MINNEAPOLISON,412
KPESMINA,554
KRISTINA_ALES,366
NAZZZGULYAKOV,15
KAYYLYSST,11
KELVSOK,101
LADADELREEY,518
LARIONOVABOBSPI,249
MAHMOUDASSIBAYI,111
MILENA_NIHAO,1048
KIR_GROMOV,273
LARAHARRRRISON,194
LAUREL_LORENS,9
LUCEELYZT56,2
MARTYNOV_NIK,7
NATALYVASUHNOVA,502
METSTHEBEST,32
NATTATRT,6
N1TEGRL,541
MUENCHENBOTE,5218
KEVINKEVSCOTT,88
LOSSDAYTR,5
MIHAILBUGROV,517
MX_JT,503
KYLIEMUSICIAN,60
LAWWAANCTR,6973
LENOCHKAMARKOVA,563
LSONSANNER,692
MANDY9STEVENS,774
MELVINSROBERTS,4642
MILOSHAMILO,241
MRSERVELAT,627
MADIADATRT,6
MITCH_LLLYNCH,69
MILAGROSVEVE,39
NADENKAAVDEEVA,9
MILIMILLENNIUM,2209
MUHAMMADSADIQI4,10
NEVNOVRU,81
KIRBUCHA,1044
KOZLENKO_SLAVK,85
MARKINGRIG,41
MEGGIEONEIL,1746
MARKINCONSSUPTA,218
LALAMICKYY,556
MARTINIVINE,1007
LANA_ARINA,5
MADLENCRAZY,1048
MYSOULACHES,465
NATALI_BEAST,127
KENN_VILLA,73
LORENAISHOT,35
MARIJAKASHIRINA,58
MUHRASHMUH,23
NATASHAPAVLOVAA,512
KOSTYAERMILIN,383
KRASNOVANDCO,469
MAKARGUITAR,735
MARKOSVINES,13
MIHHBLACK,64
LISICHKINJENYA,10
LIZZBETTRR,6
MARIO_CO_WAY,29
MARKUSEICHEL,220
MYSUNNYSUN,461
MRJACKSJACKSON,632
MURAVICKIYY,47
KYLEBURRIT0,58
MUZAAMURA,4
LAZYKSTAFFORD,2872
LIANAWISTER,506
MARIATRUMPT,295
MWIQCEN,1521
KIELBOTE,175
KUGIN_1991,20
LEROYLOVESUSA,4784
NEMOVVOVA,41
MIHGORBUNOV,22
KUJMAN91,70
LISAGRAPE,685
NEVNOVPR,1974
MASHADUROVA,501
MILORUDENKO,7
MISSNADILLE,545
MAGDEBURGBOTE,110
LESSMCPH,46
LUISASAGROSS,27
KINT_D,20
KIRA_GASANOVA,62
MARATKALYASHIN,32
MATEVIDENCEDEU,321
MOSOBLSTALKER,34
KRISTINADRUCKER,47
MAKAROVSEN,4
MALKA_ESSS,33
MISHKA_BAGIROV,474
LAKEISHAHICKS5,360
LARA88LARA88,212
LEROCHKA_ALA,93
LIN1DIRECTION,4
MONMONICA23,119
METROJOKE,1
MIRPOLITICA,3457
NEVER2MUCHBASS,35
KOLOSOVACONHULE,972
KSYIVAKINO,483
MARGOBEROEVA,1174
MISTERBRIDGES_,2
KATKA_HERO,331
LARSWOLFLARS,262
LIL_GAME_VIP,1215
LUCEELYSTOP,121
MARLEY_SHN,124
MSM0RE,1564
KLARAUKRALAKOLU,492
LANSKOYTIMOFEY,34
LIDAZIN,527
NATH_ALMA_Z,44
LEONID_ZAK,5
MEDVEDIHA777,597
KELVIN_CHAMBERS,2553
MIL0BLAKE,2524
MOI_BREST,1222
NEME_SI,507
KIRPICHIKOVNA,502
LANCE_FREED,79
LEACH_4U,25
MISHA_LOPIK,66
MOJOYOMAN,17
KRAVCHUKRUSSIA,227
KLIM_PETROV_,235
KOSTYA_ANCH,500
MAYERS_STEFANY,8
KIRILL_GROMOV1,4
KOMICSTROFA,515
LADY_DIANAAAAA,68
LEERATITOVA,513
MAINZBOTE,151
MANZOLEVSKY,14
MARISSPRT,3956
MIHANOVIKOV,1470
NCENTSSTAL,15
LENABBUBBLE,471
MAIN_IGOR,459
MUSAMUHMUH,196
KIRILLOVAFECNAN,225
LOOKATMEZERO,168
MAJORITY405,37
KITCATKATERINA,510
KRAVCHUKDMITRO,32
MALTE_ROSS,364
MARGARETMOAR,120
MICHELLEARRY,3514
MRMUSTACHEE,109
LORRY_COU,77
MARIECARLLLOS,8
LILJORDAMN,4320
MAGICMAGICWAND,46
MANDDSYSGOSS,4
MINIAKINANDREW,40
LOSSFULP,5
MARIAHROOOSE,51
KOSDEMO,18
NATALIAKUDROVA,502
LITTLEEBOLA,541
MHSERGEEV,569
KRISTIN_MARSH_,39
NEGROKEEDY,3
KATYKRIER,470
LUKE_RUBIA,60
MARRINABEREZKA,1007
MIHASTOPORENCO,61
LOLAPYKE,99
KIRAMIILEE,498
KRUTKOT,16
LORETTAPJ3,197
KIRBYTHEFAMOUS,83
KIRSTENLADANIEL,335
LENAAKHMETOVA,478
LIDMILAMA,521
LOU_GALLOWAY,84
MARKBERER,709
MAYS_ARIELLE,8
LAVROVKIR,559
MILANADUR,502
MUHMUHSAL1,15
MARGARITASHIRAZ,16
KSYSHEREMET,510
MECHTATELI_,1
KYLES0CCER,55
MIHAILKUZNETZO1,28
NANAJDAWSON,222
LENAKRASNAYA,1105
NATALIA_LEGALAD,524
LILAASTRS,3575
KENCANNONE,2559
LUCYTRUMPTTOP56,1517
LAVROVMUESLI,5488
LEONID_1102,87
MOSCOWECONOMY,178
MYQUICKSILVER,107
KAYDENMELTON,1485
KIRSTIEMNR,72
KRAPIVEC,27
MARINAREMAN,501
MRCLYDEPRATT,9726
LOVEPIZZZZZZZA,532
MAYMAYMYY,5235
KISSKISSDEB,83
LACHLAN_FARLEY,142
MARIABERSTEIN,74
MAXIM_ARHIP,30
LOBANOV_DMITRI,438
KELBATT,40
LENUKBERUK,507
MARISSAIMSTRONG,3314
MARTIN_S32,423
KYRILL_MOTO,271
LADYSASCHAK,228
LGBTRALLY,15
LYSIKVINKOVA,508
MAD_BENJAMI,32
MSBRENDAREEVES,46
LINDA_LOPAEVA,485
MADLEN_JEENES,32
MUSALLIMMAHMUD1,11
PAVEL_ILNSKY,12
PETRENKOM_,27
PIKINBOGDAN,41
NIGHTGETSLONGER,6
PASHABATYREV,893
PETERSCHULZ541,293
PELEVKINT,16
PHOENIXDAILYNEW,13796
NIKITA_ZAL,127
OREHOVANATALJA,38
NOAKSALVAN,54
NINI_711,177
NINI__2014,46
NOVOSTIKRSNDR,1511
NYUSIARUSSIA,421
NOVOSTIPUTIN,293
NOVOSTIRND,2118
ORRCLAY,917
PLSCALLMEABBY,18
NNTUMMIN,534
NEW_AGEOFMEE,122
NOVOSTIDC,115
OLESYAUDINA,445
NOVOSTIKIROV,1023
PASHABORODACH,478
PAMELAKEALER13,1407
NOTYOURLILLY,3
NOVOSTIARKH,373
OI_DICKO,7
ONLINEMEMPHIS,10309
NEWS24EN,35
NOTRITAHART,4502
NOT_MYHERITAGE,16
NOVOSTICHEB,198
NOVOSTINN,1727
OLEGMUSALFEEV,17
OOOPS_VATNIK,494
NOVOSTIASTRHN,381
PAMBLMDANIELS,5425
NYAN_MEOW_MEOW,3904
OHMYGODKOVAL,1229
PAVIGNATIEV,17
NIKITINHYDTIHIN,270
ODINECSASHA,21
OGDEANDRE,5171
PARKISALN,6
NIKOLAEVNI,2
PANINAVIKTORYA,477
NOVOSTI_RYAZAN,881
ODANNY_THEBOY,31
OH_MISSPIZZA,2830
OSTROVOFFICER,2146
POLICESTATEME,230
NOVOSTIIZHEVSK,838
NOVOSTINOVGOROD,19
PETROVA_TATATA,491
OSCAR_ROWE_,529
PEYTONM0DEL,17
PAMELA_MOORE13,6242
NEW_INF0RM,4102
NOVOSTIMINSKA,85
ONLINEGOMEL,28
NOVOSTISARATOV,832
NIKAAFANCHIK,512
NOMO_TUNES,5
NEWYAHSHUAH,3
NISANURCERAN20,52
PHILLIP_CHRIS10,20
PIECEOFLEMONPIE,474
PETERKISTNER,648
NIKOLAY_LEV,12
NOTHING8SPECIAL,23
PAIGE_JAM,204
NKIRA1,12
NOVOSTIHBRVSK,1186
NOVOSTIORNBRG,2108
PERSSONSANDY,12
NIKOLA_HOLAHOLA,28
NUCOLEWP2000,45
OLEGIDMITRENKO,511
OLIWAALERT,7
OMARHATTAB2281,18
NOVOSTITOMSK,1072
NOREEGOLDMAN,6
OWENYWADE,3
PHILLYOTERO,82
PEACELOVEJOGA,412
PENNYSIMM,47
PIMENOVMICHAEL,10
NIKKIRIUSHIN,14
NOVOSTITUMENI,5265
ONELOVEUNICORNS,23
NOVOSTISMR,1575
POLIGRAPHME,228
NIK_VASILIY,50
NONNN_STOP,41
NOVOSTIYARSL,215
OCIMNOCXI,103
NKEERPEN,10
NOVOSTISHOIGU,304
PHOTOMOSKOW2014,522
OETERPRI,6
NOVOSTINABCHEL,487
PERESPAL,46
PEYTONCASHOUT,4563
PHILADELPHIAON,13383
NOVOSTI_SOCHI,4668
NOVOSTIDYUMIN,21
OLEG_EVDOKIMOV_,61
NICCOLOBRILLA,145
NONNAISAEVA,520
ONLINECLEVELAND,17706
PETROVSERGG,21
PETAROBBIE,81
NOVOSTIMSK,3966
PETER_DOWNS_UP,74
NOVOSTIKLNGRD,1333
PLUSHEVYEA,503
PIPERTRTR,3
NIKITA_BAGLAEV,201
NOVOSTIVRNEZH,851
NOVOSTIEKB,1729
NOVOSTIKSTRM,771
ODESSANEWS24,102
PAVELVASILIE,47
NOVOSTIKADYROV,46
NOVOSTIVOLODIN,150
PATRIOTKA_RUSI,1036
PHILIP_PRICHTE,9
NOVOSTINSK,1433
PARISGAAAAAY,70
PAUCHENS,540
OLENENOCK,463
PELMENMSK,31
NOTMYHERITAGE,9
NOVOSTIKZN,2980
PATRICK_CLAYN,27
NOVOSTICRIMEA,2217
PEEONHILLARY,13
PETRSABLIN,383
PABLOOPATTON,67
PHILGRECH,39
NORBERDTWEGER,241
NOVOSTICHEL,1066
NOVOSTINVKZNCK,259
OOOONLYONE,1407
OLGAMOROZOVAMSK,510
ONEMIGHTYFISH,3725
OSTERR666,546
PITTSESTE,14
NOVOSTIYA,448
NEWORLEANSON,14897
NEWSPYONGYANG,372
OLIVIADWARREN,514
NIKOLAKALINOV,3
OAKLANDONLINE,8435
PATI_COOPER,1080
POLITERUSSIA,191
NIKAFAST,18
NINOKSTRANGE,541
NOVOSTIPERMI,1220
PAULINETT,3809
PHOTOPHOMIN,18
PIGEONTODAY,9110
ORVILLEMOMMY,53
NIKSCHEHOV,225
NOVOSTIDAMASK,9671
PETERMAGLOB,181
PETROVAKATTYA,487
NIKOLAIZAGAID,509
PIRELLIGINA,11
OLIVIA1GB,123
NJ_BLACKNEWS,884
NICKZLOBIN,47
PLAT0V,3
PARTYFORPATTY,8
PAMPAMONEIL,54
PIROVA_ZHENYA,521
NIKOLAYVAKHRUSH,39
NOLNAOOU,476
POLIPROPILENOVA,441
PAULINANEUSTART,175
PAOLAKINCK,6696
NOVOSTIOMSKA,1378
NOVOSTIKRSNRSK,1133
OLD_NEW_POLICY,15418
ORIGINOFKATY,75
NOVOSTISPB,4904
N_SILIN1,58
NOORAD_DIN,161
NOVOSTIUL,1127
NOVOSTISTAVROP,851
OPHEROINA,267
NIK__ANGELA,1300
NOTBALLINYET,1045
PANINOFFICIALTW,4
NOVOSTIPENZA,1169
NEWYORKDEM,221
NIKANNIKA,28
NOVOSTIKEMEROVO,1199
NOVOSTIUF,945
ODINOSTANUS,6
NEWARKVOICE,9724
NOVOSTILIPECK,539
OILUGII69I,486
NOVOSTILAVROV,1020
NOVOSTISKTVKR,36
PATRIOTOTUS,1827
NINONDERRIEN,21
NOVOSTITOLIATTI,1116
OHOHAHAS,11
PETRGORELOV,564
NOVOSTIVLDVSTK,1008
NEZNKATE,545
NOVOSTIIRKUTSK,1002
NOJONATHONNO,3614
OLYABOLSH,454
PITERKARASEV,34
OLGA_BEKHER,37
NOVOSTIVOLGA,678
PATRIOTBLAKE,7252
OPERATOR_SO,39
PAMELA_SHARKY13,459
NEWSPEAKDAILY,10666
OLLLLL_LLLLIE,51
NORMAN_HOOPER,129
OH_FRIDA,1203
PATRIOT_ARCHIVE,3
PETROVANAIMELCE,233
OMAR_MANSURI_1,88
PHILLIPCARRR,33
NOVOSTIBARNAUL,1654
OLYALEGEND,499
PEYRIDLEY,49
PATRIOTRAPHAEL,1005
NOVOSTIMHCHKL,754
PARHOMENKOYURY,27
PERCY_RIDDLE,208
POLITEXPERTNET,6421
OHREALLYASHLEY,11
PAMELLAMAYBANK,62
PATRICIADRYS,110
ZION_FRAZIER,64
ZINOVCHI,48
_ANNA_SANNA_,506
YURA_ANICIMOV,46
ZUBOVNIK,5014
_KING_JESTER_,19
_BEGLOV,1633
ZAOZERSKYVLAD,423
YOUKNEWMYNAME,500
ZAKIALQADIR,6
_SHERYLGILBERT,69
YOURLOVELYCAROL,15
ZILILINYM,16
YURYKUZNETSOV65,57
ZVYAGINZEVA,510
_SASHALAPIN,1570
ZLOBUCHKA,559
_SNOWCAKES_,512
_LINAALINA_,529
ZAYTCEVY,17
_SOLOMONALBERT_,36
ZAZHILMIKHAIL,31
ZWEIG_MARIA,212
ZAKIROVCEHUSESE,385
ZOLLIELEMON,97
ZEBROID_23,668
ZOTOVA_UNO,60
_RONBEN,70
ZISTTI,1685
ZLOYKURS,189
ZIMNIKOVAVENERA,42
ZINCLINEDCOFFIN,3
ZZZACHARYZZZ,5515
_GRANDMARCO,14
_INNNNNA_,467
_SINIY_TUMAN_,515
ZENDMITROV,37
_LUKAS_BRIGGS_,42
ZAPLATOVAALENA,11
_GREGORVAN,41
_MOMMYMILA_,498
YOUKNOWJILLIAN,5
ZDRASTENASTIA,897
ZVEZDNII_VOIN,83
ZELDINNUMBER1,15
ZINA_ROMOVA,539
_SUNNY_SONNY_,788
ZHIVNOV,471
_OLEG_EREMEEV,35
ZSHAANNA,433
ZACHISTIEVIBORI,265
ZNATNIYBUKHARIK,538
ZABELINN,471
_YOUR_LIFESTYLE,680
_NICKLUNA_,4251
ZZARACROSS,151
_BILLY_MOYER_,914
_RUBY_WILLS_,340
ZHI_YUE_,45
_MARK__B,58
_NICKULYA,505
